{
  "$schema": "../../../node_modules/@microsoft/sp-module-interfaces/lib/manifestSchemas/jsonSchemas/clientSideComponentManifestSchema.json",

  "id": "fba70b52-a501-4995-bf8e-fd4f7e187954",
  "alias": "HelloWorldWebPart",
  "componentType": "WebPart",
  "version": "0.0.1",
  "manifestVersion": 2,

  "preconfiguredEntries": [{
    "groupId": "fba70b52-a501-4995-bf8e-fd4f7e187954",
    "group": { "default": "Under Development" },
    "title": { "default": "HelloWorld" },
    "description": { "default": "HelloWorld description" },
    "officeFabricIconFontName": "Page",
    "properties": {
      "description": "HelloWorld"
    }
  }]
}
