{
  "$schema": "../../../node_modules/@microsoft/sp-module-interfaces/lib/manifestSchemas/jsonSchemas/clientSideComponentManifestSchema.json",

  "id": "9b4c2b43-9b5c-481a-93c7-319cd80244e0",
  "alias": "HelloMarkupJsWebPart",
  "componentType": "WebPart",
  "version": "*", // The "*" signifies that the version should be taken from the package.json
  "manifestVersion": 2,

  /**
   * This property should only be set to true if it is certain that the webpart does not
   *  allow arbitrary scripts to be called
   */
  "safeWithCustomScriptDisabled": false,

  "preconfiguredEntries": [{
    "groupId": "9b4c2b43-9b5c-481a-93c7-319cd80244e0",
    "group": { "default": "Under Development" },
    "title": { "default": "HelloMarkupJs" },
    "description": { "default": "HelloMarkupJs description" },
    "officeFabricIconFontName": "Page",
    "properties": {
      "description": "HelloMarkupJs"
    }
  }]
}
