{
  "$schema": "../../../node_modules/@microsoft/sp-module-interfaces/lib/manifestSchemas/jsonSchemas/clientSideComponentManifestSchema.json",

  "id": "2067f021-8dc3-464d-9130-e8aed84752f7",
  "alias": "SphttpclientWebPart",
  "componentType": "WebPart",
  "version": "*", // The "*" signifies that the version should be taken from the package.json
  "manifestVersion": 2,

  /**
   * This property should only be set to true if it is certain that the webpart does not
   *  allow arbitrary scripts to be called
   */
  "safeWithCustomScriptDisabled": false,

  "preconfiguredEntries": [{
    "groupId": "2067f021-8dc3-464d-9130-e8aed84752f7",
    "group": { "default": "Under Development" },
    "title": { "default": "sphttpclient" },
    "description": { "default": "sphttpclient description" },
    "officeFabricIconFontName": "Page",
    "properties": {
      "description": "sphttpclient"
    }
  }]
}
