{
  "$schema": "../../../node_modules/@microsoft/sp-module-interfaces/lib/manifestSchemas/jsonSchemas/clientSideComponentManifestSchema.json",

  "id": "54f693f2-a253-4ada-a025-00152acf10d4",
  "alias": "MsgraphWebPart",
  "componentType": "WebPart",
  "version": "*", // The "*" signifies that the version should be taken from the package.json
  "manifestVersion": 2,

  /**
   * This property should only be set to true if it is certain that the webpart does not
   *  allow arbitrary scripts to be called
   */
  "safeWithCustomScriptDisabled": false,

  "preconfiguredEntries": [{
    "groupId": "54f693f2-a253-4ada-a025-00152acf10d4",
    "group": { "default": "Under Development" },
    "title": { "default": "msgraph" },
    "description": { "default": "msgraph description" },
    "officeFabricIconFontName": "Page",
    "properties": {
      "description": "msgraph"
    }
  }]
}
