{
  "$schema": "../../../node_modules/@microsoft/sp-module-interfaces/lib/manifestSchemas/jsonSchemas/clientSideComponentManifestSchema.json",

  "id": "1806627b-61f1-4cb7-948c-d6818063eb79",
  "alias": "HelloPnPWebPart",
  "componentType": "WebPart",
  "version": "*", // The "*" signifies that the version should be taken from the package.json
  "manifestVersion": 2,

  /**
   * This property should only be set to true if it is certain that the webpart does not
   *  allow arbitrary scripts to be called
   */
  "safeWithCustomScriptDisabled": false,

  "preconfiguredEntries": [{
    "groupId": "1806627b-61f1-4cb7-948c-d6818063eb79",
    "group": { "default": "Under Development" },
    "title": { "default": "HelloPnP" },
    "description": { "default": "HelloPnP description" },
    "officeFabricIconFontName": "Page",
    "properties": {
      "description": "HelloPnP"
    }
  }]
}
